loading, training, execution
2.5850613117218018, 30198.850113391876, 33394.46898126602
