{
    "n_buckets": 1752,
    "mean_bucket_occupancy": 570.7762557077625,
    "std_bucket_occupancy": 1591.7025214635646
}