loading, training, execution
3151.4664459228516, 1951.6354565620422, 110526.86083459854
