{
    "n_buckets": 351,
    "mean_bucket_occupancy": 1008.2678062678062,
    "std_bucket_occupancy": 1839.9453609085258
}