loading, training, execution
1162.9561727046967, 8949.226677417755, 11875.876525640488
