{
    "n_buckets": 34980,
    "mean_bucket_occupancy": 28.58776443682104,
    "std_bucket_occupancy": 46.51841319566873
}