loading, training, execution
2085.602814912796, 32254.55104613304, 74802.10414838791
