loading, training, execution
0.00018906593322753906, 4055.4994180202484, 19623.599704027176
