{
    "n_buckets": 22576,
    "mean_bucket_occupancy": 44.29482636428065,
    "std_bucket_occupancy": 55.06110967724004
}