loading, execution
0.00020074844360351562, 125395.9182126522
