loading, training, execution
1.660290002822876, 203358.19611048698, 296771.22854328156
