{
    "n_buckets": 1086,
    "mean_bucket_occupancy": 920.8103130755064,
    "std_bucket_occupancy": 1497.3650610594218
}