loading, training, execution
247.30602598190308, 5694.0717689991, 6684.531316995621
