{
    "n_buckets": 2711,
    "mean_bucket_occupancy": 368.8675765400221,
    "std_bucket_occupancy": 930.9960752684431
}