loading, training, execution
300.36290287971497, 4365.290360212326, 7463.584610700607
