loading, training, execution
48.42955565452576, 31585.659359693527, 204525.78784108162
