loading, training, execution
2949.506728887558, 15246.618125915527, 19019.92216515541
