loading, training, execution
293.23463320732117, 717.5945456027985, 2448.35418343544
