{
    "n_buckets": 21997,
    "mean_bucket_occupancy": 45.46074464699732,
    "std_bucket_occupancy": 81.0742242534349
}