{
    "n_buckets": 4227,
    "mean_bucket_occupancy": 236.5744026496333,
    "std_bucket_occupancy": 1166.535247796092
}