loading, execution
2.411397933959961, 9256.256952762604
