{
    "n_buckets": 463,
    "mean_bucket_occupancy": 2159.827213822894,
    "std_bucket_occupancy": 4439.681030264506
}