{
    "n_buckets": 354888,
    "mean_bucket_occupancy": 2.8177904014787765,
    "std_bucket_occupancy": 3.8136827590442466
}