loading, training, execution
2507.8451919555664, 5364.101101398468, 1730520.48675060272
