loading, training, execution
975.8373010158539, 7920.907077789307, 10213.400264024734
