{
    "n_buckets": 2316,
    "mean_bucket_occupancy": 431.77892918825563,
    "std_bucket_occupancy": 1549.0352882309335
}