loading, training, execution
0.0004820823669433594, 14682.237291812897, 15193.82456278801
