{
    "n_buckets": 62164,
    "mean_bucket_occupancy": 16.086480921433626,
    "std_bucket_occupancy": 28.824728748584658
}