{
    "n_buckets": 5553,
    "mean_bucket_occupancy": 180.08283810552854,
    "std_bucket_occupancy": 174.87872770274322
}