{
    "n_buckets": 2516,
    "mean_bucket_occupancy": 140.66057233704294,
    "std_bucket_occupancy": 457.16296807971685
}