loading, execution
773.0514304637909, 1750.2961432933807
