loading, training, execution
262.6891837120056, 35333.37647676468, 198884.5971353054
