{
    "n_buckets": 699,
    "mean_bucket_occupancy": 506.2975679542203,
    "std_bucket_occupancy": 907.7910069568225
}