loading, training, execution
7.41253924369812, 9707.200397014618, 10838.198285102844
