{
    "n_buckets": 69111,
    "mean_bucket_occupancy": 14.469476639029967,
    "std_bucket_occupancy": 20.849131349544518
}