{
    "n_buckets": 2634,
    "mean_bucket_occupancy": 379.65072133637057,
    "std_bucket_occupancy": 519.5171838122826
}