loading, training, execution
2310.918813943863, 35673.94236302376, 79922.26961421967
