{
    "n_buckets": 1129,
    "mean_bucket_occupancy": 885.7395925597874,
    "std_bucket_occupancy": 634.3826312243466
}