loading, training, execution
0.2482445240020752, 11423.310599088669, 11875.792401075363
