loading, training, execution
284.16772532463074, 101868.25678229332, 130097.03498339653
