{
    "n_buckets": 7083,
    "mean_bucket_occupancy": 141.18311449950585,
    "std_bucket_occupancy": 591.8390056887048
}