loading, training, execution
0.0004024505615234375, 2023.9503231048584, 4349.594908952713
