{
    "n_buckets": 2528,
    "mean_bucket_occupancy": 139.99287974683546,
    "std_bucket_occupancy": 389.6769586074536
}