{
    "n_buckets": 2420,
    "mean_bucket_occupancy": 413.22314049586777,
    "std_bucket_occupancy": 1224.004519367253
}