loading, training, execution
298.2884113788605, 18982.25124835968, 133416.4917795658
