{
    "n_buckets": 4953,
    "mean_bucket_occupancy": 201.8978396931153,
    "std_bucket_occupancy": 513.5580096312266
}