loading, training, execution
10.807879447937012, 19255.74099588394, 19538.87898159027
