loading, training, execution
0.00031638145446777344, 1268.5047798156738, 3243.877753019333
