{
    "n_buckets": 3495,
    "mean_bucket_occupancy": 286.1230329041488,
    "std_bucket_occupancy": 1455.398567506249
}