{
    "n_buckets": 14734,
    "mean_bucket_occupancy": 67.87023211619383,
    "std_bucket_occupancy": 108.92387528461425
}