loading, training, execution
14.334085941314697, 1411.9535458087921, 10139.082608222961
