{
    "n_buckets": 16075,
    "mean_bucket_occupancy": 62.208398133748055,
    "std_bucket_occupancy": 138.86823853717206
}