loading, training, execution
0.08308649063110352, 24141.264980793, 27268.481766462326
