loading, execution
0.12067031860351562, 1599.3497745990753
