{
    "n_buckets": 2467,
    "mean_bucket_occupancy": 405.35062829347385,
    "std_bucket_occupancy": 2411.272724577806
}