loading, training, execution
3020.1260833740234, 12453.644255399704, 41553.80919575691
