{
    "n_buckets": 2530,
    "mean_bucket_occupancy": 139.88221343873516,
    "std_bucket_occupancy": 457.5611542097308
}