loading, training, execution
0.00021314620971679688, 5338.467598438263, 6520.543421983719
