{
    "n_buckets": 62049,
    "mean_bucket_occupancy": 16.11629518606263,
    "std_bucket_occupancy": 28.864741669375647
}