{
    "n_buckets": 10943,
    "mean_bucket_occupancy": 91.38261902586129,
    "std_bucket_occupancy": 214.9824958976161
}