{
    "n_buckets": 106873,
    "mean_bucket_occupancy": 9.356900246086477,
    "std_bucket_occupancy": 21.533689237938248
}