{
    "n_buckets": 11651,
    "mean_bucket_occupancy": 85.82954252853833,
    "std_bucket_occupancy": 61.05212583911985
}