loading, training, execution
0.1208045482635498, 13020.856970071793, 19605.615329265594
