loading, training, execution
0.00020956993103027344, 12292.90293097496, 12605.651653528214
