{
    "n_buckets": 5208,
    "mean_bucket_occupancy": 192.01228878648234,
    "std_bucket_occupancy": 355.34312110965857
}