{
    "n_buckets": 44735,
    "mean_bucket_occupancy": 22.353861629596512,
    "std_bucket_occupancy": 134.7622476950853
}