{
    "n_buckets": 6967,
    "mean_bucket_occupancy": 143.53380221042056,
    "std_bucket_occupancy": 312.8076144740879
}