loading, execution
2364.4434928894043, 159786.28693795204
