{
    "n_buckets": 45293,
    "mean_bucket_occupancy": 22.07846687126046,
    "std_bucket_occupancy": 145.6812967741879
}