loading, training, execution
1761.39883685112, 9265.35987997055, 65173.922954797745