{
    "n_buckets": 16413,
    "mean_bucket_occupancy": 60.92731371473832,
    "std_bucket_occupancy": 267.9017963098586
}