{
    "n_buckets": 2181,
    "mean_bucket_occupancy": 458.50527281063734,
    "std_bucket_occupancy": 2571.867742713593
}