{
    "n_buckets": 4288,
    "mean_bucket_occupancy": 233.2089552238806,
    "std_bucket_occupancy": 993.5613134929339
}