loading, execution
0.08647656440734863, 369.6389129161835
