loading, training, execution
2135.6778705120087, 10134.585236787796, 13287.466156482697
