{
    "n_buckets": 119,
    "mean_bucket_occupancy": 8403.361344537816,
    "std_bucket_occupancy": 17222.6423121996
}