loading, execution
0.05464029312133789, 17241.38322162628
