{
    "n_buckets": 10986,
    "mean_bucket_occupancy": 91.02494083378846,
    "std_bucket_occupancy": 214.5810708566369
}