loading, training, execution
12.41176176071167, 35072.85251712799, 37801.89485859871
