loading, training, execution
2747.1948008537292, 117906.9290254116, 149456.54409956932
