loading, execution
2073.9538748264313, 5369.519317865372
