loading, training, execution
0.002197742462158203, 18111.969452619553, 18420.1009516716
