{
    "n_buckets": 61862,
    "mean_bucket_occupancy": 16.165012447059585,
    "std_bucket_occupancy": 29.343670138933444
}