{
    "n_buckets": 2150,
    "mean_bucket_occupancy": 465.1162790697674,
    "std_bucket_occupancy": 1512.3551925191525
}