loading, training, execution
294.7685227394104, 19418.074187994003, 59415.46844482422
