loading, training, execution
0.1980893611907959, 1338.881867647171, 2048.234055995941
