{
    "n_buckets": 2727,
    "mean_bucket_occupancy": 366.70333700036673,
    "std_bucket_occupancy": 954.439497458393
}