loading, training, execution
0.00023937225341796875, 1665.9088263511658, 2495.640991449356
