{
    "n_buckets": 34869,
    "mean_bucket_occupancy": 28.67876910722992,
    "std_bucket_occupancy": 46.57219830314071
}