loading, training, execution
0.00024437904357910156, 99248.58875775337, 128346.98097038269
