{
    "n_buckets": 9635,
    "mean_bucket_occupancy": 103.78827192527244,
    "std_bucket_occupancy": 270.1627340362347
}