{
    "n_buckets": 2201,
    "mean_bucket_occupancy": 454.3389368468878,
    "std_bucket_occupancy": 1090.085864833259
}