{
    "n_buckets": 1124,
    "mean_bucket_occupancy": 889.6797153024911,
    "std_bucket_occupancy": 606.896677477324
}