loading, training, execution
0.49695372581481934, 4147.032426595688, 7183.8563776016235
