loading, execution
0.09771418571472168, 1418.347671508789
