loading, training, execution
0.0002593994140625, 14147.10030078888, 26017.19763970375
