{
    "n_buckets": 61583,
    "mean_bucket_occupancy": 16.238247568322425,
    "std_bucket_occupancy": 29.320748448627153
}