loading, execution
0.00019073486328125, 21730.247629404068
