{
    "n_buckets": 124921,
    "mean_bucket_occupancy": 8.005059197412765,
    "std_bucket_occupancy": 18.981577705906634
}