loading, training, execution
2461.141278743744, 11576.731776475906, 35052.28772854805
