{
    "n_buckets": 2009,
    "mean_bucket_occupancy": 497.7600796416127,
    "std_bucket_occupancy": 3564.680655736356
}