loading, training, execution
0.006934404373168945, 2773.3034217357635, 17986.760412693024
