loading, training, execution
0.002804279327392578, 149838.43217253685, 182545.2301940918
