{
    "n_buckets": 34263,
    "mean_bucket_occupancy": 29.186002393252195,
    "std_bucket_occupancy": 55.85341732007173
}