loading, training, execution
317.4855568408966, 11654.572877645493, 19481.139375925064
