loading, training, execution
0.00029659271240234375, 333.5488648414612, 3248.1980481147766
