loading, training, execution
310.61660528182983, 690.2180287837982, 1126.6968750953674
