{
    "n_buckets": 10983,
    "mean_bucket_occupancy": 91.04980424292087,
    "std_bucket_occupancy": 214.60003298265735
}