loading, training, execution
0.2787799835205078, 37118.81484937668, 39826.89110803604
