{
    "n_buckets": 2527,
    "mean_bucket_occupancy": 395.7261574990107,
    "std_bucket_occupancy": 1668.7354475370373
}