{
    "n_buckets": 1644,
    "mean_bucket_occupancy": 608.272506082725,
    "std_bucket_occupancy": 455.3885068420069
}