loading, training, execution
0.0002434253692626953, 28364.704885959625, 28492.157670497894
