{
    "n_buckets": 11571,
    "mean_bucket_occupancy": 86.42295393656555,
    "std_bucket_occupancy": 60.93083593070186
}