loading, execution
0.03928017616271973, 394169.36162757874
