loading, training
2789.181046485901, 9189.17215013504
