loading, training, execution
0.05329012870788574, 1026.2920126914978, 2730.5946016311646
