{
    "n_buckets": 1519,
    "mean_bucket_occupancy": 658.3278472679394,
    "std_bucket_occupancy": 821.6910174740492
}