loading, training, execution
0.10310149192810059, 768.6799125671387, 1291.233488559723
