{
    "n_buckets": 28528,
    "mean_bucket_occupancy": 35.05328098710039,
    "std_bucket_occupancy": 72.2356347350694
}