loading, training, execution
0.00022864341735839844, 50909.3689968586, 92378.67299056053
