loading, training, execution
0.0001811981201171875, 318.1335265636444, 1593.0580031871796
