{
    "n_buckets": 26112,
    "mean_bucket_occupancy": 38.29656862745098,
    "std_bucket_occupancy": 147.1918174313382
}