loading, training, execution
0.00024247169494628906, 4188.060304403305, 73911.541898489
